CName,PIp,CIp,AngleCAntennaToPRadio (째),AnglePAntennaToCRadio (째),HDist (ft),VDist (ft),SpecialValueName,SpecialValue,PLocation,CLocation
radio1,192.168.1.254,192.168.1.22,60,15,100,150,dirt,0.5,None, None
Date (Year-Mon-Day),Time (Hour-Min-Sec),Channel,PTxPower,PRxGain,Bandwidth,PTemp (째C),PUpTime (Day-Hour:Min:Sec),PFreeMemory (%),DS0,DS1,DRSSI,DNoiseFloor,DSNR,DTxModulation,DRxModulation,CTemp (째C),CUpTime,ULinkUpTime,CTxPower,US0,US1,URSSI,USNoiseFloor,USNR,UTxModulation,UTxPackets (Pkts.),URxModulation,URxPackets (Pkts.),PingTimeAVG
2025-03-07,02-57-59,17,5.0,2.0,6.0,29.0,26-08:36:45,69,-80.5,-107.5,-80.5,-107.0,26.5,MCS 0 shortGI,MCS 10,33.0,0-12:30:36,0-00:07:09,7.3,-90.0,-94.0,-89.0,-96.0,7.0,MCS 10,2221,MCS 0 short GI,281,0
2025-03-07,02-58-09,17,5.0,2.0,6.0,29.0,26-08:36:57,70,-81.0,-108.0,-81.0,-107.0,26.0,MCS 0 shortGI,MCS 10,33.0,0-12:30:45,0-00:07:20,7.3,-91.0,-93.0,-89.0,-96.0,7.0,MCS 10,2325,MCS 0 short GI,310,0
2025-03-07,02-58-20,17,5.0,2.0,6.0,29.0,26-08:37:05,70,-81.0,-106.0,-81.0,-107.0,26.0,MCS 0 shortGI,MCS 10,33.0,0-12:30:54,0-00:07:28,7.3,-90.0,-91.0,-88.0,-96.0,8.0,MCS 10,2394,MCS 0 short GI,333,0
2025-03-07,02-58-30,17,5.0,2.0,6.0,29.0,26-08:37:17,70,-81.0,-106.0,-81.0,-107.0,26.0,MCS 0 shortGI,MCS 10,33.0,0-12:31:06,0-00:07:40,7.3,-90.0,-93.0,-88.0,-96.0,8.0,MCS 10,2468,MCS 0 short GI,361,0
2025-03-07,02-58-40,17,5.0,2.0,6.0,29.0,26-08:37:28,70,-80.0,-106.0,-80.0,-107.0,27.0,MCS 0 shortGI,MCS 10,33.0,0-12:31:15,0-00:07:52,7.3,-90.0,-91.0,-88.0,-96.0,8.0,MCS 10,2572,MCS 0 short GI,387,0
2025-03-07,02-58-51,17,5.0,2.0,6.0,29.0,26-08:37:36,70,-81.0,-106.0,-81.0,-107.0,26.0,MCS 0 shortGI,MCS 10,33.0,0-12:31:27,0-00:07:59,7.3,-90.0,-95.0,-88.0,-97.0,9.0,MCS 10,2634,MCS 0 short GI,407,0
2025-03-07,02-59-01,17,5.0,2.0,6.0,29.0,26-08:37:47,70,-80.0,-107.0,-80.0,-107.0,27.0,MCS 0 shortGI,MCS 10,33.0,0-12:31:36,0-00:08:11,7.3,-90.0,-92.0,-88.0,-96.0,8.0,MCS 10,2713,MCS 0 short GI,435,0
2025-03-07,02-59-11,17,5.0,2.0,6.0,29.0,26-08:37:59,70,-81.0,-108.0,-81.0,-107.0,26.0,MCS 0 shortGI,MCS 10,33.0,0-12:31:48,0-00:08:23,7.3,-92.0,-91.0,-88.0,-96.0,8.0,MCS 10,2822,MCS 0 short GI,465,0
2025-03-07,02-59-22,17,5.0,2.0,6.0,29.0,26-08:38:07,70,-80.0,-110.0,-80.0,-107.0,27.0,MCS 0 shortGI,MCS 10,33.0,0-12:31:57,0-00:08:31,7.3,-91.0,-92.0,-88.0,-96.0,8.0,MCS 10,2882,MCS 0 short GI,483,0
2025-03-07,02-59-32,17,5.0,2.0,6.0,29.0,26-08:38:19,70,-81.0,-106.0,-81.0,-107.0,26.0,MCS 0 shortGI,MCS 10,33.0,0-12:32:09,0-00:08:43,7.3,-91.0,-90.0,-88.0,-96.0,8.0,MCS 10,2958,MCS 0 short GI,511,0
2025-03-07,02-59-43,17,5.0,2.0,6.0,29.0,26-08:38:31,69,-80.0,-109.0,-80.0,-107.0,27.0,MCS 0 shortGI,MCS 10,33.0,0-12:32:18,0-00:08:54,7.3,-89.0,-91.0,-87.0,-96.0,9.0,MCS 10,3061,MCS 0 short GI,539,0
2025-03-07,02-59-53,17,5.0,2.0,6.0,29.0,26-08:38:38,70,-81.0,-106.0,-81.0,-107.0,26.0,MCS 0 shortGI,MCS 10,33.0,0-12:32:30,0-00:09:01,7.3,-92.0,-94.0,-90.0,-96.0,6.0,MCS 10,3127,MCS 0 short GI,561,0
2025-03-07,03-00-03,17,5.0,2.0,6.0,29.0,26-08:38:50,70,-81.0,-108.0,-81.0,-107.0,26.0,MCS 0 shortGI,MCS 10,33.0,0-12:32:39,0-00:09:13,7.3,-90.0,-90.0,-87.0,-96.0,9.0,MCS 10,3204,MCS 0 short GI,589,0
2025-03-07,03-00-14,17,5.0,2.0,6.0,29.0,26-08:39:01,70,-81.0,-103.0,-81.0,-107.0,26.0,MCS 0 shortGI,MCS 10,33.0,0-12:32:48,0-00:09:25,7.3,-91.0,-93.0,-89.0,-96.0,7.0,MCS 10,3313,MCS 0 short GI,618,0
2025-03-07,03-00-24,17,5.0,2.0,6.0,29.0,26-08:39:10,69,-81.0,-107.0,-81.0,-107.0,26.0,MCS 0 shortGI,MCS 10,33.0,0-12:33:00,0-00:09:33,7.3,-89.0,-91.0,-87.0,-97.0,10.0,MCS 10,3374,MCS 0 short GI,635,0
2025-03-07,03-00-35,17,5.0,2.0,6.0,29.0,26-08:39:20,70,-80.0,-107.0,-80.0,-107.0,27.0,MCS 0 shortGI,MCS 10,33.0,0-12:33:09,0-00:09:44,7.3,-91.0,-93.0,-89.0,-96.0,7.0,MCS 10,3446,MCS 0 short GI,663,0
2025-03-07,03-00-45,17,5.0,2.0,6.0,29.0,26-08:39:32,70,-81.0,-107.0,-81.0,-107.0,26.0,MCS 0 shortGI,MCS 10,33.0,0-12:33:22,0-00:09:56,7.3,-90.0,-92.0,-88.0,-97.0,9.0,MCS 10,3550,MCS 0 short GI,693,0
2025-03-07,03-00-55,17,5.0,2.0,6.0,28.0,26-08:39:44,70,-80.0,-108.0,-80.0,-107.0,27.0,MCS 0 shortGI,MCS 10,33.0,0-12:33:30,0-00:10:07,7.3,-90.0,-93.0,-89.0,-98.0,9.0,MCS 10,3648,MCS 0 short GI,724,0
2025-03-07,03-01-06,17,5.0,2.0,6.0,28.0,26-08:39:51,70,-81.0,-105.0,-81.0,-107.0,26.0,MCS 0 shortGI,MCS 10,33.0,0-12:33:42,0-00:10:14,7.3,-90.0,-94.0,-88.0,-98.0,10.0,MCS 10,3687,MCS 0 short GI,738,0
2025-03-07,03-01-16,17,5.0,2.0,6.0,28.0,26-08:40:02,70,-81.0,-107.0,-81.0,-107.0,26.0,MCS 0 shortGI,MCS 10,33.0,0-12:33:51,0-00:10:26,7.3,-91.0,-94.0,-89.0,-97.0,8.0,MCS 10,3790,MCS 0 short GI,767,0
2025-03-07,03-01-26,17,5.0,2.0,6.0,29.0,26-08:40:14,70,-80.0,-109.0,-80.0,-107.0,27.0,MCS 0 shortGI,MCS 10,33.0,0-12:34:03,0-00:10:38,7.3,-92.0,-92.0,-89.0,-97.0,8.0,MCS 10,3899,MCS 0 short GI,797,0
2025-03-07,03-01-37,17,5.0,2.0,6.0,29.0,26-08:40:22,70,-81.0,-106.0,-81.0,-107.0,26.0,MCS 0 shortGI,MCS 10 shortGI,33.0,0-12:34:12,0-00:10:46,7.3,-89.0,-92.0,-87.0,-97.0,10.0,MCS 10,3953,MCS 0 short GI,814,0
2025-03-07,03-01-47,17,5.0,2.0,6.0,29.0,26-08:40:34,69,-81.0,-106.0,-81.0,-107.0,26.0,MCS 0 shortGI,MCS 10,33.0,0-12:34:24,0-00:10:57,7.3,-91.0,-95.0,-89.0,-97.0,8.0,MCS 10,4042,MCS 0 short GI,843,0
2025-03-07,03-01-58,17,5.0,2.0,6.0,29.0,26-08:40:46,69,-81.0,-108.0,-81.0,-107.0,26.0,MCS 0 shortGI,MCS 10 shortGI,33.0,0-12:34:34,0-00:11:09,7.3,-90.0,-93.0,-88.0,-97.0,9.0,MCS 10,4139,MCS 0 short GI,872,0
2025-03-07,03-02-08,17,5.0,2.0,6.0,29.0,26-08:40:53,70,-81.0,-106.0,-81.0,-107.0,26.0,MCS 0 shortGI,MCS 10,33.0,0-12:34:42,0-00:11:17,7.3,-90.0,-91.0,-87.0,-97.0,10.0,MCS 10 short GI,4201,MCS 0 short GI,894,0
2025-03-07,03-02-18,17,5.0,2.0,6.0,29.0,26-08:41:05,70,-81.0,-106.0,-81.0,-107.0,26.0,MCS 0,MCS 10,33.0,0-12:34:54,0-00:11:29,7.3,-91.0,-94.0,-89.0,-97.0,8.0,MCS 10,4289,MCS 0,927,0
2025-03-07,03-02-29,17,5.0,2.0,6.0,29.0,26-08:41:17,70,-81.0,-107.0,-81.0,-107.0,26.0,MCS 0,MCS 10,33.0,0-12:35:03,0-00:11:41,7.3,-92.0,-95.0,-90.0,-98.0,8.0,MCS 10,4389,MCS 0,955,0
2025-03-07,03-02-39,17,5.0,2.0,6.0,29.0,26-08:41:25,69,-80.0,-106.0,-80.0,-107.0,27.0,MCS 0,MCS 10,33.0,0-12:35:15,0-00:11:48,7.3,-89.0,-93.0,-88.0,-97.0,9.0,MCS 10,4446,MCS 0,970,0
2025-03-07,03-02-50,17,5.0,2.0,6.0,29.0,26-08:41:36,70,-81.0,-106.0,-81.0,-107.0,26.0,MCS 0 shortGI,MCS 10,33.0,0-12:35:25,0-00:11:59,7.3,-89.0,-92.0,-87.0,-97.0,10.0,MCS 10,4529,MCS 0 short GI,1002,0
2025-03-07,03-03-00,17,5.0,2.0,6.0,29.0,26-08:41:47,70,-81.0,-109.0,-81.0,-107.0,26.0,MCS 0,MCS 10 shortGI,33.0,0-12:35:37,0-00:12:11,7.3,-90.0,-92.0,-88.0,-97.0,9.0,MCS 10 short GI,4634,MCS 0,1030,0
2025-03-07,03-03-10,17,5.0,2.0,6.0,29.0,26-08:41:55,70,-80.0,-105.0,-80.0,-107.0,27.0,MCS 0 shortGI,MCS 10,33.0,0-12:35:46,0-00:12:19,7.3,-89.0,-93.0,-87.0,-97.0,10.0,MCS 10 short GI,4694,MCS 0,1044,0
2025-03-07,03-03-21,17,5.0,2.0,6.0,29.0,26-08:42:07,69,-81.0,-106.0,-81.0,-107.0,26.0,MCS 0,MCS 10 shortGI,33.0,0-12:35:58,0-00:12:30,7.3,-92.0,-94.0,-90.0,-96.0,6.0,MCS 10,4781,MCS 0,1076,0
2025-03-07,03-03-31,17,5.0,2.0,6.0,29.0,26-08:42:18,69,-80.0,-106.0,-80.0,-107.0,27.0,MCS 0,MCS 10,33.0,0-12:36:07,0-00:12:42,7.3,-91.0,-93.0,-89.0,-96.0,7.0,MCS 10,4887,MCS 0,1104,0
2025-03-07,03-03-41,17,5.0,2.0,6.0,29.0,26-08:42:26,70,-81.0,-107.0,-81.0,-107.0,26.0,MCS 0,MCS 9,33.0,0-12:36:19,0-00:12:50,7.3,-91.0,-92.0,-89.0,-96.0,7.0,MCS 9 short GI,4958,MCS 0,1125,0
2025-03-07,03-03-52,17,5.0,2.0,6.0,29.0,26-08:42:38,70,-81.0,-106.0,-81.0,-107.0,26.0,MCS 1 shortGI,MCS 10 shortGI,33.0,0-12:36:28,0-00:13:01,7.3,-89.0,-92.0,-88.0,-96.0,8.0,MCS 9 short GI,5034,MCS 0,1152,0
2025-03-07,03-04-02,17,5.0,2.0,6.0,29.0,26-08:42:50,70,-81.0,-107.0,-81.0,-107.0,26.0,MCS 0 shortGI,MCS 10 shortGI,33.0,0-12:36:37,0-00:13:14,7.3,-91.0,-92.0,-88.0,-96.0,8.0,MCS 10 short GI,5132,MCS 0 short GI,1179,0
2025-03-07,03-04-13,17,5.0,2.0,6.0,29.0,26-08:42:58,70,-81.0,-106.0,-81.0,-107.0,26.0,MCS 0 shortGI,MCS 10 shortGI,33.0,0-12:36:49,0-00:13:21,7.3,-91.0,-93.0,-89.0,-96.0,7.0,MCS 10 short GI,5205,MCS 0 short GI,1199,0
2025-03-07,03-04-23,17,5.0,2.0,6.0,29.0,26-08:43:10,69,-81.0,-106.0,-81.0,-107.0,26.0,MCS 0 shortGI,MCS 10 shortGI,33.0,0-12:36:58,0-00:13:34,7.3,-90.0,-92.0,-88.0,-96.0,8.0,MCS 10 short GI,5291,MCS 0 short GI,1236,0
2025-03-07,03-04-33,17,5.0,2.0,6.0,29.0,26-08:43:21,70,-81.0,-106.0,-81.0,-107.0,26.0,MCS 0 shortGI,MCS 10 shortGI,33.0,0-12:37:10,0-00:13:45,7.3,-91.0,-91.0,-88.0,-96.0,8.0,MCS 10 short GI,5388,MCS 0,1264,0
2025-03-07,03-04-44,17,5.0,2.0,6.0,29.0,26-08:43:30,70,-80.0,-106.0,-80.0,-107.0,27.0,MCS 1 shortGI,MCS 10 shortGI,33.0,0-12:37:19,0-00:13:53,7.3,-92.0,-92.0,-89.0,-97.0,8.0,MCS 10 short GI,5463,MCS 0 short GI,1286,0
2025-03-07,03-04-54,17,5.0,2.0,6.0,29.0,26-08:43:42,70,-81.0,-107.0,-81.0,-107.0,26.0,MCS 1 shortGI,MCS 10 shortGI,33.0,0-12:37:31,0-00:14:05,7.3,-91.0,-93.0,-89.0,-97.0,8.0,MCS 10 short GI,5543,MCS 1 short GI,1316,0
2025-03-07,03-05-04,17,5.0,2.0,6.0,29.0,26-08:43:50,70,-81.0,-107.0,-81.0,-107.0,26.0,MCS 1 shortGI,MCS 10,33.0,0-12:37:40,0-00:14:13,7.3,-90.0,-92.0,-88.0,-97.0,9.0,MCS 10 short GI,5603,MCS 1 short GI,1330,0
2025-03-07,03-05-15,17,5.0,2.0,6.0,29.0,26-08:44:01,69,-81.0,-108.0,-81.0,-107.0,26.0,MCS 1 shortGI,MCS 10 shortGI,33.0,0-12:37:49,0-00:14:24,7.3,-90.0,-92.0,-88.0,-97.0,9.0,MCS 10,5703,MCS 1 short GI,1359,0
2025-03-07,03-05-25,17,5.0,2.0,6.0,29.0,26-08:44:13,69,-81.0,-107.0,-81.0,-107.0,26.0,MCS 1,MCS 10 shortGI,33.0,0-12:38:01,0-00:14:36,7.3,-89.0,-92.0,-88.0,-97.0,9.0,MCS 10 short GI,5783,MCS 1 short GI,1389,0
2025-03-07,03-05-35,17,5.0,2.0,6.0,29.0,26-08:44:21,70,-81.0,-108.0,-81.0,-107.0,26.0,MCS 0 shortGI,MCS 10,33.0,0-12:38:10,0-00:14:44,7.3,-90.0,-92.0,-88.0,-96.0,8.0,MCS 10,5864,MCS 0 short GI,1409,0
2025-03-07,03-05-46,17,5.0,2.0,6.0,29.0,26-08:44:32,70,-81.0,-107.0,-81.0,-107.0,26.0,MCS 0 shortGI,MCS 10 shortGI,33.0,0-12:38:22,0-00:14:56,7.3,-92.0,-92.0,-89.0,-95.0,6.0,MCS 10 short GI,5963,MCS 0 short GI,1439,0
2025-03-07,03-05-56,17,5.0,2.0,6.0,29.0,26-08:44:44,70,-81.0,-107.0,-81.0,-107.0,26.0,MCS 0 shortGI,MCS 10,33.0,0-12:38:31,0-00:15:08,7.3,-92.0,-95.0,-90.0,-97.0,7.0,MCS 10,6041,MCS 0 short GI,1469,0
2025-03-07,03-06-07,17,5.0,2.0,6.0,29.0,26-08:44:55,69,-81.0,-106.0,-81.0,-107.0,26.0,MCS 0 shortGI,MCS 10,33.0,0-12:38:43,0-00:15:19,7.3,-91.0,-94.0,-89.0,-96.0,7.0,MCS 10,6135,MCS 0 short GI,1491,0
2025-03-07,03-06-17,17,5.0,2.0,6.0,29.0,26-08:45:02,70,-81.0,-107.0,-81.0,-107.0,26.0,MCS 1 shortGI,MCS 10,33.0,0-12:38:52,0-00:15:26,7.3,-92.0,-94.0,-90.0,-96.0,6.0,MCS 10,6200,MCS 1 short GI,1513,0
2025-03-07,03-06-27,17,5.0,2.0,6.0,29.0,26-08:45:15,70,-81.0,-108.0,-81.0,-107.0,26.0,MCS 1 shortGI,MCS 10,33.0,0-12:39:04,0-00:15:38,7.3,-91.0,-95.0,-89.0,-97.0,8.0,MCS 10,6278,MCS 1 short GI,1543,0
2025-03-07,03-06-38,17,5.0,2.0,6.0,29.0,26-08:45:23,70,-81.0,-108.0,-81.0,-107.0,26.0,MCS 1 shortGI,MCS 10,33.0,0-12:39:13,0-00:15:46,7.3,-90.0,-92.0,-88.0,-97.0,9.0,MCS 10,6343,MCS 1 short GI,1560,0
2025-03-07,03-06-48,17,5.0,2.0,6.0,29.0,26-08:45:35,69,-81.0,-107.0,-81.0,-107.0,26.0,MCS 1,MCS 10 shortGI,33.0,0-12:39:25,0-00:15:58,7.3,-92.0,-96.0,-91.0,-97.0,6.0,MCS 10 short GI,6444,MCS 1,1589,0
2025-03-07,03-06-58,17,5.0,2.0,6.0,29.0,26-08:45:47,70,-81.0,-109.0,-81.0,-107.0,26.0,MCS 1 shortGI,MCS 10 shortGI,33.0,0-12:39:34,0-00:16:10,7.3,-90.0,-92.0,-88.0,-97.0,9.0,MCS 10 short GI,6527,MCS 0 short GI,1619,0
2025-03-07,03-07-09,17,5.0,2.0,6.0,29.0,26-08:45:54,70,-81.0,-107.0,-81.0,-107.0,26.0,MCS 0 shortGI,MCS 10,33.0,0-12:39:46,0-00:16:18,7.3,-91.0,-92.0,-88.0,-97.0,9.0,MCS 10,6590,MCS 1 short GI,1636,0
2025-03-07,03-07-19,17,5.0,2.0,6.0,29.0,26-08:46:06,70,-81.0,-106.0,-81.0,-107.0,26.0,MCS 1,MCS 10,33.0,0-12:39:55,0-00:16:29,7.3,-90.0,-93.0,-88.0,-97.0,9.0,MCS 10,6702,MCS 0,1667,0
2025-03-07,03-07-30,17,5.0,2.0,6.0,29.0,26-08:46:17,70,-81.0,-109.0,-81.0,-107.0,26.0,MCS 1,MCS 10,33.0,0-12:40:04,0-00:16:41,7.3,-90.0,-93.0,-88.0,-97.0,9.0,MCS 10,6781,MCS 1,1695,0
2025-03-07,03-07-40,17,5.0,2.0,6.0,29.0,26-08:46:25,69,-81.0,-106.0,-81.0,-107.0,26.0,MCS 0 shortGI,MCS 10 shortGI,33.0,0-12:40:16,0-00:16:48,7.3,-89.0,-92.0,-87.0,-97.0,10.0,MCS 10,6845,MCS 0 short GI,1710,0
2025-03-07,03-07-50,17,5.0,2.0,6.0,29.0,26-08:46:37,70,-80.0,-108.0,-80.0,-107.0,27.0,MCS 0 shortGI,MCS 10,33.0,0-12:40:25,0-00:17:00,7.3,-92.0,-95.0,-90.0,-96.0,6.0,MCS 10,6954,MCS 0 short GI,1741,0
2025-03-07,03-08-01,17,5.0,2.0,6.0,29.0,26-08:46:48,70,-81.0,-106.0,-81.0,-107.0,26.0,MCS 0,MCS 10,33.0,0-12:40:37,0-00:17:12,7.3,-91.0,-95.0,-90.0,-96.0,6.0,MCS 10,7030,MCS 0,1770,0
2025-03-07,03-08-11,17,5.0,2.0,6.0,29.0,26-08:46:56,70,-81.0,-106.0,-81.0,-107.0,26.0,MCS 0,MCS 10,33.0,0-12:40:46,0-00:17:19,7.3,-89.0,-90.0,-87.0,-95.0,8.0,MCS 10 short GI,7092,MCS 0,1788,0
2025-03-07,03-08-22,17,5.0,2.0,6.0,29.0,26-08:47:08,70,-80.0,-104.0,-80.0,-107.0,27.0,MCS 0,MCS 10 shortGI,33.0,0-12:40:58,0-00:17:31,7.3,-89.0,-91.0,-87.0,-96.0,9.0,MCS 10 short GI,7201,MCS 0,1819,0
2025-03-07,03-08-32,17,5.0,2.0,6.0,29.0,26-08:47:20,70,-81.0,-106.0,-81.0,-107.0,26.0,MCS 0 shortGI,MCS 10 shortGI,33.0,0-12:41:07,0-00:17:43,7.3,-90.0,-92.0,-88.0,-95.0,7.0,MCS 10 short GI,7279,MCS 0 short GI,1847,0
2025-03-07,03-08-42,17,5.0,2.0,6.0,29.0,26-08:47:31,69,-81.0,-109.0,-81.0,-107.0,26.0,MCS 0 shortGI,MCS 10 shortGI,33.0,0-12:41:19,0-00:17:54,7.3,-91.0,-92.0,-88.0,-95.0,7.0,MCS 10 short GI,7373,MCS 0 short GI,1875,0
2025-03-07,03-08-53,17,5.0,2.0,6.0,29.0,26-08:47:39,69,-81.0,-106.0,-81.0,-107.0,26.0,MCS 0 shortGI,MCS 10 shortGI,33.0,0-12:41:28,0-00:18:02,7.3,-89.0,-93.0,-88.0,-96.0,8.0,MCS 10 short GI,7442,MCS 0 short GI,1898,0
2025-03-07,03-09-03,17,5.0,2.0,6.0,29.0,26-08:47:50,70,-81.0,-105.0,-81.0,-107.0,26.0,MCS 0 shortGI,MCS 10 shortGI,33.0,0-12:41:40,0-00:18:14,7.3,-91.0,-94.0,-89.0,-97.0,8.0,MCS 10 short GI,7525,MCS 0 short GI,1926,0
2025-03-07,03-09-13,17,5.0,2.0,6.0,29.0,26-08:48:02,70,-81.0,-105.0,-81.0,-107.0,26.0,MCS 0 shortGI,MCS 10 shortGI,33.0,0-12:41:49,0-00:18:25,7.3,-91.0,-93.0,-89.0,-97.0,8.0,MCS 10 short GI,7616,MCS 0 short GI,1951,0
2025-03-07,03-09-24,17,5.0,2.0,6.0,29.0,26-08:48:10,69,-81.0,-104.0,-81.0,-107.0,26.0,MCS 0 shortGI,MCS 10 shortGI,33.0,0-12:42:01,0-00:18:33,7.3,-91.0,-94.0,-89.0,-97.0,8.0,MCS 10 short GI,7692,MCS 0 short GI,1973,0
2025-03-07,03-09-34,17,5.0,2.0,6.0,29.0,26-08:48:22,70,-81.0,-107.0,-81.0,-107.0,26.0,MCS 0 shortGI,MCS 10 shortGI,33.0,0-12:42:10,0-00:18:45,7.3,-91.0,-92.0,-89.0,-97.0,8.0,MCS 10 short GI,7778,MCS 0 short GI,2001,0
2025-03-07,03-09-45,17,5.0,2.0,6.0,29.0,26-08:48:29,70,-80.0,-107.0,-80.0,-107.0,27.0,MCS 0 shortGI,MCS 10 shortGI,33.0,0-12:42:19,0-00:18:53,7.3,-90.0,-92.0,-88.0,-97.0,9.0,MCS 10 short GI,7841,MCS 0 short GI,2022,0
2025-03-07,03-09-55,17,5.0,2.0,6.0,29.0,26-08:48:41,70,-81.0,-107.0,-81.0,-107.0,26.0,MCS 0 shortGI,MCS 10 shortGI,33.0,0-12:42:31,0-00:19:05,7.3,-90.0,-91.0,-88.0,-97.0,9.0,MCS 10 short GI,7943,MCS 0 short GI,2050,0
2025-03-07,03-10-05,17,5.0,2.0,6.0,29.0,26-08:48:53,70,-81.0,-106.0,-81.0,-107.0,26.0,MCS 0 shortGI,MCS 10 shortGI,33.0,0-12:42:40,0-00:19:16,7.3,-90.0,-92.0,-88.0,-98.0,10.0,MCS 10,8038,MCS 0 short GI,2078,0
2025-03-07,03-10-16,17,5.0,2.0,6.0,29.0,26-08:49:00,70,-81.0,-106.0,-81.0,-107.0,26.0,MCS 0 shortGI,MCS 10,33.0,0-12:42:52,0-00:19:24,7.3,-90.0,-93.0,-88.0,-98.0,10.0,MCS 10 short GI,8090,MCS 0 short GI,2099,0
2025-03-07,03-10-26,17,5.0,2.0,6.0,29.0,26-08:49:12,70,-81.0,-108.0,-81.0,-107.0,26.0,MCS 0 shortGI,MCS 10,33.0,0-12:43:01,0-00:19:36,7.3,-89.0,-93.0,-88.0,-98.0,10.0,MCS 10,8195,MCS 0 short GI,2131,0
2025-03-07,03-10-37,17,5.0,2.0,6.0,29.0,26-08:49:24,70,-81.0,-107.0,-81.0,-107.0,26.0,MCS 0 shortGI,MCS 10 shortGI,33.0,0-12:43:13,0-00:19:47,7.3,-91.0,-94.0,-89.0,-98.0,9.0,MCS 10 short GI,8291,MCS 0 short GI,2159,0
2025-03-07,03-10-47,17,5.0,2.0,6.0,29.0,26-08:49:32,69,-80.0,-106.0,-80.0,-107.0,27.0,MCS 1 shortGI,MCS 10,33.0,0-12:43:22,0-00:19:55,7.3,-91.0,-95.0,-89.0,-98.0,9.0,MCS 10 short GI,8333,MCS 1 short GI,2173,0
2025-03-07,03-10-57,17,5.0,2.0,6.0,29.0,26-08:49:44,70,-80.0,-105.0,-80.0,-107.0,27.0,MCS 1 shortGI,MCS 10,33.0,0-12:43:34,0-00:20:07,7.3,-91.0,-94.0,-89.0,-98.0,9.0,MCS 10,8435,MCS 1 short GI,2204,0
2025-03-07,03-11-08,17,5.0,2.0,6.0,29.0,26-08:49:55,70,-81.0,-109.0,-81.0,-107.0,26.0,MCS 1 shortGI,MCS 10,33.0,0-12:43:43,0-00:20:18,7.3,-90.0,-94.0,-89.0,-98.0,9.0,MCS 10,8533,MCS 1 short GI,2231,0
2025-03-07,03-11-18,17,5.0,2.0,6.0,29.0,26-08:50:03,70,-80.0,-108.0,-80.0,-107.0,27.0,MCS 1 shortGI,MCS 10,33.0,0-12:43:55,0-00:20:26,7.3,-91.0,-94.0,-89.0,-97.0,8.0,MCS 10,8588,MCS 1 short GI,2254,0
2025-03-07,03-11-28,17,5.0,2.0,6.0,29.0,26-08:50:15,70,-81.0,-107.0,-81.0,-107.0,26.0,MCS 1,MCS 10,33.0,0-12:44:04,0-00:20:38,7.3,-90.0,-94.0,-89.0,-98.0,9.0,MCS 10,8688,MCS 1,2285,0
2025-03-07,03-11-39,17,5.0,2.0,6.0,29.0,26-08:50:26,70,-81.0,-107.0,-81.0,-107.0,26.0,MCS 1,MCS 10,33.0,0-12:44:13,0-00:20:50,7.3,-92.0,-96.0,-91.0,-98.0,7.0,MCS 10,8785,MCS 1,2309,0
2025-03-07,03-11-49,17,5.0,2.0,6.0,29.0,26-08:50:34,69,-81.0,-107.0,-81.0,-107.0,26.0,MCS 1 shortGI,MCS 10,33.0,0-12:44:25,0-00:20:57,7.3,-90.0,-92.0,-88.0,-98.0,10.0,MCS 10,8847,MCS 1,2330,0
2025-03-07,03-12-00,17,5.0,2.0,6.0,29.0,26-08:50:46,70,-80.0,-105.0,-80.0,-107.0,27.0,MCS 1 shortGI,MCS 10,33.0,0-12:44:34,0-00:21:09,7.3,-91.0,-94.0,-89.0,-98.0,9.0,MCS 10,8948,MCS 1 short GI,2360,0
2025-03-07,03-12-10,17,5.0,2.0,6.0,29.0,26-08:50:57,70,-81.0,-107.0,-81.0,-107.0,26.0,MCS 1 shortGI,MCS 10,33.0,0-12:44:46,0-00:21:21,7.3,-91.0,-94.0,-89.0,-97.0,8.0,MCS 10,9048,MCS 1 short GI,2388,0
2025-03-07,03-12-20,17,5.0,2.0,6.0,29.0,26-08:51:06,70,-81.0,-109.0,-81.0,-107.0,26.0,MCS 1,MCS 10,33.0,0-12:44:55,0-00:21:29,7.3,-91.0,-91.0,-88.0,-97.0,9.0,MCS 10,9105,MCS 1,2412,0
2025-03-07,03-12-31,17,5.0,2.0,6.0,29.0,26-08:51:17,70,-80.0,-107.0,-80.0,-107.0,27.0,MCS 1,MCS 10,33.0,0-12:45:07,0-00:21:41,7.3,-90.0,-95.0,-89.0,-97.0,8.0,MCS 10,9200,MCS 1,2440,0
2025-03-07,03-12-41,17,5.0,2.0,6.0,29.0,26-08:51:29,70,-80.0,-109.0,-80.0,-107.0,27.0,MCS 1,MCS 10,33.0,0-12:45:16,0-00:21:52,7.3,-92.0,-93.0,-89.0,-97.0,8.0,MCS 10,9291,MCS 1,2462,0
2025-03-07,03-12-51,17,5.0,2.0,6.0,29.0,26-08:51:36,70,-81.0,-108.0,-81.0,-107.0,26.0,MCS 1 shortGI,MCS 10,33.0,0-12:45:28,0-00:22:00,7.3,-90.0,-94.0,-89.0,-97.0,8.0,MCS 10,9343,MCS 1 short GI,2485,0
2025-03-07,03-13-02,17,5.0,2.0,6.0,29.0,26-08:51:48,70,-81.0,-109.0,-81.0,-107.0,26.0,MCS 1 shortGI,MCS 10,33.0,0-12:45:37,0-00:22:12,7.3,-90.0,-92.0,-88.0,-98.0,10.0,MCS 10,9436,MCS 1 short GI,2513,0
2025-03-07,03-13-12,17,5.0,2.0,6.0,29.0,26-08:52:00,70,-81.0,-108.0,-81.0,-107.0,26.0,MCS 1 shortGI,MCS 10,33.0,0-12:45:49,0-00:22:24,7.3,-92.0,-94.0,-90.0,-98.0,8.0,MCS 10,9535,MCS 1 short GI,2541,0
2025-03-07,03-13-22,17,5.0,2.0,6.0,29.0,26-08:52:08,70,-81.0,-105.0,-81.0,-107.0,26.0,MCS 1,MCS 10,33.0,0-12:45:58,0-00:22:32,7.3,-90.0,-92.0,-88.0,-99.0,11.0,MCS 10,9592,MCS 1,2562,0
2025-03-07,03-13-33,17,5.0,2.0,6.0,29.0,26-08:52:20,70,-81.0,-109.0,-81.0,-107.0,26.0,MCS 1,MCS 10,33.0,0-12:46:07,0-00:22:44,7.3,-91.0,-94.0,-89.0,-99.0,10.0,MCS 10,9689,MCS 0 short GI,2590,0
2025-03-07,03-13-43,17,5.0,2.0,6.0,29.0,26-08:52:32,69,-80.0,-106.0,-80.0,-107.0,27.0,MCS 1,MCS 3,33.0,0-12:46:19,0-00:22:55,7.3,-91.0,-94.0,-89.0,-99.0,10.0,MCS 10,9783,MCS 1,2616,0
2025-03-07,03-13-54,17,5.0,2.0,6.0,29.0,26-08:52:40,70,-80.0,-106.0,-80.0,-107.0,27.0,MCS 1 shortGI,MCS 10,33.0,0-12:46:28,0-00:23:03,7.3,-91.0,-96.0,-90.0,-99.0,9.0,MCS 10,9859,MCS 1 short GI,2642,0
2025-03-07,03-14-04,17,5.0,2.0,6.0,29.0,26-08:52:51,70,-81.0,-108.0,-81.0,-107.0,26.0,MCS 1 shortGI,MCS 10,33.0,0-12:46:40,0-00:23:15,7.3,-89.0,-93.0,-88.0,-98.0,10.0,MCS 10,9949,MCS 1 short GI,2670,0
2025-03-07,03-14-14,17,5.0,2.0,6.0,29.0,26-08:52:59,70,-81.0,-106.0,-81.0,-107.0,26.0,MCS 1 shortGI,MCS 10,33.0,0-12:46:49,0-00:23:22,7.3,-91.0,-93.0,-89.0,-98.0,9.0,MCS 10,10017,MCS 1 short GI,2684,0
2025-03-07,03-14-25,17,5.0,2.0,6.0,29.0,26-08:53:11,70,-81.0,-108.0,-81.0,-107.0,26.0,MCS 1 shortGI,MCS 10,33.0,0-12:47:01,0-00:23:34,7.3,-91.0,-93.0,-89.0,-97.0,8.0,MCS 10,10108,MCS 1 short GI,2717,0
2025-03-07,03-14-35,17,5.0,2.0,6.0,29.0,26-08:53:22,69,-81.0,-109.0,-81.0,-107.0,26.0,MCS 1 shortGI,MCS 10,33.0,0-12:47:10,0-00:23:46,7.3,-90.0,-96.0,-89.0,-98.0,9.0,MCS 10,10190,MCS 1 short GI,2745,0
2025-03-07,03-14-46,17,5.0,2.0,6.0,29.0,26-08:53:30,70,-81.0,-105.0,-81.0,-107.0,26.0,MCS 1 shortGI,MCS 10,33.0,0-12:47:23,0-00:23:54,7.3,-92.0,-94.0,-90.0,-98.0,8.0,MCS 10,10268,MCS 1,2765,0
2025-03-07,03-14-56,17,5.0,2.0,6.0,29.0,26-08:53:42,70,-80.0,-108.0,-80.0,-107.0,27.0,MCS 1 shortGI,MCS 10 shortGI,33.0,0-12:47:31,0-00:24:06,7.3,-91.0,-92.0,-89.0,-98.0,9.0,MCS 10,10359,MCS 1 short GI,2797,0
2025-03-07,03-15-06,17,5.0,2.0,6.0,29.0,26-08:53:54,69,-80.0,-108.0,-80.0,-107.0,27.0,MCS 1,MCS 10 shortGI,33.0,0-12:47:43,0-00:24:17,7.3,-90.0,-90.0,-87.0,-98.0,11.0,MCS 10 short GI,10446,MCS 1,2825,0
2025-03-07,03-15-17,17,5.0,2.0,6.0,29.0,26-08:54:01,69,-80.0,-106.0,-80.0,-107.0,27.0,MCS 1,MCS 10 shortGI,33.0,0-12:47:52,0-00:24:25,7.3,-89.0,-95.0,-88.0,-98.0,10.0,MCS 10 short GI,10506,MCS 1,2840,0
2025-03-07,03-15-27,17,5.0,2.0,6.0,29.0,26-08:54:14,69,-81.0,-106.0,-81.0,-107.0,26.0,MCS 1 shortGI,MCS 10,33.0,0-12:48:04,0-00:24:37,7.3,-92.0,-96.0,-90.0,-97.0,7.0,MCS 10 short GI,10600,MCS 1 short GI,2872,0
2025-03-07,03-15-37,17,5.0,2.0,6.0,29.0,26-08:54:25,70,-81.0,-109.0,-81.0,-107.0,26.0,MCS 1,MCS 10,33.0,0-12:48:13,0-00:24:48,7.3,-91.0,-93.0,-89.0,-96.0,7.0,MCS 10,10691,MCS 0 short GI,2899,0
2025-03-07,03-15-48,17,5.0,2.0,6.0,29.0,26-08:54:32,70,-81.0,-106.0,-81.0,-107.0,26.0,MCS 0 shortGI,MCS 10,33.0,0-12:48:23,0-00:24:56,7.3,-90.0,-93.0,-88.0,-96.0,8.0,MCS 10,10761,MCS 1 short GI,2919,0
2025-03-07,03-15-58,17,5.0,2.0,6.0,29.0,26-08:54:45,70,-81.0,-105.0,-81.0,-107.0,26.0,MCS 0 shortGI,MCS 10,33.0,0-12:48:34,0-00:25:08,7.3,-90.0,-92.0,-88.0,-96.0,8.0,MCS 10,10863,MCS 0 short GI,2947,0
2025-03-07,03-16-09,17,5.0,2.0,6.0,29.0,26-08:54:56,69,-81.0,-106.0,-81.0,-107.0,26.0,MCS 0 shortGI,MCS 10,33.0,0-12:48:43,0-00:25:19,7.3,-91.0,-93.0,-89.0,-97.0,8.0,MCS 10,10944,MCS 0 short GI,2973,0
2025-03-07,03-16-19,17,5.0,2.0,6.0,29.0,26-08:55:03,70,-81.0,-107.0,-81.0,-107.0,26.0,MCS 0 shortGI,MCS 10 shortGI,33.0,0-12:48:55,0-00:25:27,7.3,-91.0,-95.0,-90.0,-97.0,7.0,MCS 10 short GI,11012,MCS 0 short GI,2993,0
2025-03-07,03-16-29,17,5.0,2.0,6.0,29.0,26-08:55:15,70,-81.0,-106.0,-81.0,-107.0,26.0,MCS 0 shortGI,MCS 10,33.0,0-12:49:04,0-00:25:39,7.3,-91.0,-92.0,-89.0,-97.0,8.0,MCS 10,11108,MCS 0 short GI,3025,0
2025-03-07,03-16-40,17,5.0,2.0,6.0,29.0,26-08:55:26,70,-80.0,-106.0,-80.0,-107.0,27.0,MCS 0 shortGI,MCS 10,33.0,0-12:49:16,0-00:25:50,7.3,-92.0,-92.0,-89.0,-97.0,8.0,MCS 10 short GI,11195,MCS 0 short GI,3053,0
2025-03-07,03-16-50,17,5.0,2.0,6.0,29.0,26-08:55:34,69,-80.0,-106.0,-80.0,-107.0,27.0,MCS 1,MCS 10 shortGI,33.0,0-12:49:25,0-00:25:57,7.3,-91.0,-92.0,-88.0,-97.0,9.0,MCS 10,11253,MCS 0 short GI,3067,0
2025-03-07,03-17-01,17,5.0,2.0,6.0,29.0,26-08:55:47,69,-80.0,-105.0,-80.0,-107.0,27.0,MCS 0 shortGI,MCS 10,33.0,0-12:49:37,0-00:26:10,7.3,-91.0,-95.0,-90.0,-97.0,7.0,MCS 10 short GI,11350,MCS 0 short GI,3097,0
2025-03-07,03-17-11,17,5.0,2.0,6.0,29.0,26-08:55:57,70,-81.0,-107.0,-81.0,-107.0,26.0,MCS 0 shortGI,MCS 10 shortGI,33.0,0-12:49:46,0-00:26:21,7.3,-91.0,-93.0,-89.0,-97.0,8.0,MCS 10 short GI,11432,MCS 0,3125,0
2025-03-07,03-17-21,17,5.0,2.0,6.0,29.0,26-08:56:06,70,-81.0,-108.0,-81.0,-107.0,26.0,MCS 0 shortGI,MCS 10,33.0,0-12:49:58,0-00:26:29,7.3,-91.0,-94.0,-89.0,-96.0,7.0,MCS 10,11506,MCS 0 short GI,3148,0
2025-03-07,03-17-32,17,5.0,2.0,6.0,29.0,26-08:56:18,70,-80.0,-108.0,-80.0,-107.0,27.0,MCS 0 shortGI,MCS 10,33.0,0-12:50:08,0-00:26:41,7.3,-90.0,-93.0,-88.0,-96.0,8.0,MCS 10,11603,MCS 0 short GI,3183,0
2025-03-07,03-17-42,17,5.0,2.0,6.0,29.0,26-08:56:30,70,-81.0,-106.0,-81.0,-107.0,26.0,MCS 0 shortGI,MCS 9 shortGI,33.0,0-12:50:16,0-00:26:53,7.3,-91.0,-94.0,-90.0,-97.0,7.0,MCS 10,11688,MCS 0 short GI,3211,0
2025-03-07,03-17-52,17,5.0,2.0,6.0,29.0,26-08:56:38,69,-81.0,-106.0,-81.0,-107.0,26.0,MCS 0 shortGI,MCS 10,33.0,0-12:50:28,0-00:27:01,7.3,-91.0,-93.0,-89.0,-97.0,8.0,MCS 10,11762,MCS 0 short GI,3235,0
2025-03-07,03-18-03,17,5.0,2.0,6.0,29.0,26-08:56:50,69,-81.0,-107.0,-81.0,-107.0,26.0,MCS 0 shortGI,MCS 10,33.0,0-12:50:37,0-00:27:13,7.3,-91.0,-92.0,-89.0,-97.0,8.0,MCS 10,11863,MCS 0 short GI,3263,0
2025-03-07,03-18-13,17,5.0,2.0,6.0,29.0,26-08:57:00,70,-81.0,-107.0,-81.0,-107.0,26.0,MCS 0 shortGI,MCS 10,33.0,0-12:50:49,0-00:27:24,7.3,-90.0,-92.0,-88.0,-97.0,9.0,MCS 10,11949,MCS 0 short GI,3291,0
2025-03-07,03-18-24,17,5.0,2.0,6.0,29.0,26-08:57:09,70,-81.0,-109.0,-81.0,-107.0,26.0,MCS 0 shortGI,MCS 10 shortGI,33.0,0-12:50:58,0-00:27:33,7.3,-89.0,-93.0,-87.0,-96.0,9.0,MCS 10 short GI,12029,MCS 0 short GI,3314,0
2025-03-07,03-18-34,17,5.0,2.0,6.0,29.0,26-08:57:21,70,-81.0,-107.0,-81.0,-107.0,26.0,MCS 0 shortGI,MCS 10 shortGI,33.0,0-12:51:10,0-00:27:45,7.3,-91.0,-92.0,-88.0,-97.0,9.0,MCS 10 short GI,12118,MCS 0 short GI,3343,0
2025-03-07,03-18-44,17,5.0,2.0,6.0,29.0,26-08:57:32,70,-81.0,-105.0,-81.0,-107.0,26.0,MCS 0 shortGI,MCS 10,33.0,0-12:51:19,0-00:27:56,7.3,-90.0,-94.0,-89.0,-98.0,9.0,MCS 10,12196,MCS 0 short GI,3369,0
2025-03-07,03-18-55,17,5.0,2.0,6.0,29.0,26-08:57:40,70,-81.0,-107.0,-81.0,-107.0,26.0,MCS 0 shortGI,MCS 10,33.0,0-12:51:31,0-00:28:04,7.3,-91.0,-93.0,-89.0,-98.0,9.0,MCS 10,12268,MCS 0 short GI,3390,0
2025-03-07,03-19-05,17,5.0,2.0,6.0,29.0,26-08:57:52,70,-81.0,-106.0,-81.0,-107.0,26.0,MCS 0 shortGI,MCS 10,33.0,0-12:51:40,0-00:28:15,7.3,-90.0,-93.0,-88.0,-98.0,10.0,MCS 10,12358,MCS 0 short GI,3419,0
2025-03-07,03-19-16,17,5.0,2.0,6.0,29.0,26-08:58:03,70,-81.0,-104.0,-81.0,-107.0,26.0,MCS 0 shortGI,MCS 10,33.0,0-12:51:53,0-00:28:27,7.3,-91.0,-94.0,-90.0,-98.0,8.0,MCS 10 short GI,12437,MCS 0 short GI,3448,0
2025-03-07,03-19-26,17,5.0,2.0,6.0,29.0,26-08:58:12,70,-81.0,-105.0,-81.0,-107.0,26.0,MCS 0 shortGI,MCS 10,33.0,0-12:52:02,0-00:28:35,7.3,-91.0,-92.0,-89.0,-98.0,9.0,MCS 10,12513,MCS 0 short GI,3469,0
2025-03-07,03-19-36,17,5.0,2.0,6.0,29.0,26-08:58:23,69,-81.0,-107.0,-81.0,-107.0,26.0,MCS 0 shortGI,MCS 10,33.0,0-12:52:13,0-00:28:47,7.3,-90.0,-95.0,-89.0,-97.0,8.0,MCS 10,12605,MCS 0,3494,0
2025-03-07,03-19-47,17,5.0,2.0,6.0,29.0,26-08:58:34,69,-81.0,-106.0,-81.0,-107.0,26.0,MCS 0 shortGI,MCS 10,33.0,0-12:52:23,0-00:28:58,7.3,-89.0,-94.0,-88.0,-96.0,8.0,MCS 10,12685,MCS 0 short GI,3522,0
2025-03-07,03-19-57,17,5.0,2.0,6.0,29.0,26-08:58:42,70,-81.0,-104.0,-81.0,-107.0,26.0,MCS 0 shortGI,MCS 10,33.0,0-12:52:32,0-00:29:06,7.3,-90.0,-93.0,-88.0,-97.0,9.0,MCS 10,12754,MCS 0 short GI,3545,0
2025-03-07,03-20-07,17,5.0,2.0,6.0,29.0,26-08:58:54,70,-81.0,-107.0,-81.0,-107.0,26.0,MCS 0 shortGI,MCS 10,33.0,0-12:52:43,0-00:29:17,7.3,-91.0,-95.0,-89.0,-97.0,8.0,MCS 10,12860,MCS 0 short GI,3573,0
2025-03-07,03-20-18,17,5.0,2.0,6.0,29.0,26-08:59:05,69,-81.0,-104.0,-81.0,-107.0,26.0,MCS 0 shortGI,MCS 10,33.0,0-12:52:52,0-00:29:29,7.3,-91.0,-93.0,-89.0,-97.0,8.0,MCS 10,12932,MCS 0 short GI,3595,0
2025-03-07,03-20-28,17,5.0,2.0,6.0,29.0,26-08:59:13,70,-80.0,-106.0,-80.0,-107.0,27.0,MCS 0 shortGI,MCS 10,33.0,0-12:53:04,0-00:29:37,7.3,-90.0,-92.0,-88.0,-97.0,9.0,MCS 10,12992,MCS 0 short GI,3617,0
2025-03-07,03-20-38,17,5.0,2.0,6.0,29.0,26-08:59:25,70,-81.0,-105.0,-81.0,-107.0,26.0,MCS 0 shortGI,MCS 10 shortGI,33.0,0-12:53:14,0-00:29:48,7.3,-91.0,-93.0,-89.0,-96.0,7.0,MCS 10 short GI,13105,MCS 0 short GI,3647,0
2025-03-07,03-20-49,17,5.0,2.0,6.0,29.0,26-08:59:36,70,-81.0,-105.0,-81.0,-107.0,26.0,MCS 0 shortGI,MCS 10 shortGI,33.0,0-12:53:23,0-00:30:00,7.3,-89.0,-91.0,-87.0,-96.0,9.0,MCS 10 short GI,13183,MCS 0 short GI,3675,0
2025-03-07,03-20-59,17,5.0,2.0,6.0,29.0,26-08:59:45,70,-81.0,-106.0,-81.0,-107.0,26.0,MCS 0 shortGI,MCS 10,33.0,0-12:53:34,0-00:30:08,7.3,-91.0,-90.0,-87.0,-96.0,9.0,MCS 10 short GI,13241,MCS 0 short GI,3695,0
2025-03-07,03-21-10,17,5.0,2.0,6.0,29.0,26-08:59:56,69,-81.0,-106.0,-81.0,-107.0,26.0,MCS 0,MCS 10,33.0,0-12:53:47,0-00:30:19,7.3,-90.0,-93.0,-88.0,-96.0,8.0,MCS 10,13344,MCS 0 short GI,3721,0
2025-03-07,03-21-20,17,5.0,2.0,6.0,29.0,26-09:00:07,70,-81.0,-104.0,-81.0,-107.0,26.0,MCS 0 shortGI,MCS 10,33.0,0-12:53:56,0-00:30:31,7.3,-90.0,-93.0,-88.0,-97.0,9.0,MCS 10,13424,MCS 0 short GI,3751,0
2025-03-07,03-21-30,17,5.0,2.0,6.0,29.0,26-09:00:15,70,-81.0,-107.0,-81.0,-107.0,26.0,MCS 0 shortGI,MCS 10,33.0,0-12:54:05,0-00:30:39,7.3,-91.0,-93.0,-89.0,-97.0,8.0,MCS 10,13482,MCS 0 short GI,3773,0
2025-03-07,03-21-41,17,5.0,2.0,6.0,29.0,26-09:00:27,70,-80.0,-107.0,-80.0,-107.0,27.0,MCS 0 shortGI,MCS 10 shortGI,33.0,0-12:54:17,0-00:30:50,7.3,-92.0,-94.0,-90.0,-97.0,7.0,MCS 10,13595,MCS 0 short GI,3801,0
2025-03-07,03-21-51,17,5.0,2.0,6.0,29.0,26-09:00:39,69,-81.0,-106.0,-81.0,-107.0,26.0,MCS 0 shortGI,MCS 10 shortGI,33.0,0-12:54:26,0-00:31:02,7.3,-91.0,-91.0,-88.0,-97.0,9.0,MCS 10 short GI,13678,MCS 0 short GI,3826,0
2025-03-07,03-22-02,17,5.0,2.0,6.0,29.0,26-09:00:47,69,-81.0,-107.0,-81.0,-107.0,26.0,MCS 0 shortGI,MCS 10,33.0,0-12:54:38,0-00:31:10,7.3,-91.0,-92.0,-88.0,-97.0,9.0,MCS 10 short GI,13731,MCS 0 short GI,3848,0
2025-03-07,03-22-12,17,5.0,2.0,6.0,29.0,26-09:00:58,70,-81.0,-106.0,-81.0,-107.0,26.0,MCS 0 shortGI,MCS 10 shortGI,33.0,0-12:54:47,0-00:31:21,7.3,-91.0,-93.0,-89.0,-97.0,8.0,MCS 10 short GI,13845,MCS 0,3876,0
2025-03-07,03-22-22,17,5.0,2.0,6.0,29.0,26-09:01:10,70,-81.0,-106.0,-81.0,-107.0,26.0,MCS 0 shortGI,MCS 10 shortGI,33.0,0-12:54:59,0-00:31:34,7.3,-90.0,-95.0,-89.0,-97.0,8.0,MCS 10 short GI,13942,MCS 0 short GI,3907,0
2025-03-07,03-22-33,17,5.0,2.0,6.0,29.0,26-09:01:18,70,-81.0,-109.0,-81.0,-107.0,26.0,MCS 0 shortGI,MCS 10 shortGI,33.0,0-12:55:08,0-00:31:42,7.3,-91.0,-94.0,-89.0,-97.0,8.0,MCS 10,13992,MCS 0 short GI,3927,0
2025-03-07,03-22-43,17,5.0,2.0,6.0,29.0,26-09:01:30,70,-81.0,-106.0,-81.0,-107.0,26.0,MCS 0 shortGI,MCS 10,33.0,0-12:55:20,0-00:31:53,7.3,-91.0,-91.0,-88.0,-97.0,9.0,MCS 10,14093,MCS 0 short GI,3951,0
2025-03-07,03-22-53,17,5.0,2.0,6.0,29.0,26-09:01:41,70,-80.0,-107.0,-80.0,-107.0,27.0,MCS 0 shortGI,MCS 10,33.0,0-12:55:29,0-00:32:05,7.3,-91.0,-93.0,-89.0,-97.0,8.0,MCS 10,14191,MCS 0 short GI,3984,0
2025-03-07,03-23-04,17,5.0,2.0,6.0,29.0,26-09:01:49,70,-81.0,-106.0,-81.0,-107.0,26.0,MCS 0 shortGI,MCS 10,33.0,0-12:55:41,0-00:32:12,7.3,-93.0,-92.0,-89.0,-97.0,8.0,MCS 10,14236,MCS 0 short GI,4003,0
2025-03-07,03-23-14,17,5.0,2.0,6.0,29.0,26-09:02:00,70,-81.0,-105.0,-81.0,-107.0,26.0,MCS 0 shortGI,MCS 10,33.0,0-12:55:50,0-00:32:24,7.3,-91.0,-94.0,-89.0,-97.0,8.0,MCS 10,14339,MCS 0 short GI,4031,0
2025-03-07,03-23-24,17,5.0,2.0,6.0,29.0,26-09:02:09,69,-80.0,-109.0,-80.0,-107.0,27.0,MCS 0 shortGI,MCS 10,33.0,0-12:55:59,0-00:32:32,7.3,-91.0,-94.0,-89.0,-97.0,8.0,MCS 10,14410,MCS 0 short GI,4051,0
2025-03-07,03-23-35,17,5.0,2.0,6.0,29.0,26-09:02:21,70,-81.0,-105.0,-81.0,-107.0,26.0,MCS 0 shortGI,MCS 10,33.0,0-12:56:11,0-00:32:44,7.3,-91.0,-93.0,-89.0,-97.0,8.0,MCS 10,14490,MCS 0 short GI,4080,0
2025-03-07,03-23-45,17,5.0,2.0,6.0,29.0,26-09:02:32,70,-81.0,-108.0,-81.0,-107.0,26.0,MCS 0 shortGI,MCS 10,33.0,0-12:56:19,0-00:32:56,7.3,-91.0,-93.0,-89.0,-97.0,8.0,MCS 10,14591,MCS 0 short GI,4108,0
2025-03-07,03-23-56,17,5.0,2.0,6.0,29.0,26-09:02:41,69,-81.0,-107.0,-81.0,-107.0,26.0,MCS 0 shortGI,MCS 10 shortGI,33.0,0-12:56:32,0-00:33:04,7.3,-93.0,-95.0,-91.0,-97.0,6.0,MCS 10 short GI,14666,MCS 0 short GI,4131,0
2025-03-07,03-24-06,17,5.0,2.0,6.0,29.0,26-09:02:52,70,-81.0,-109.0,-81.0,-107.0,26.0,MCS 0 shortGI,MCS 10,33.0,0-12:56:41,0-00:33:15,7.3,-91.0,-91.0,-88.0,-96.0,8.0,MCS 10,14743,MCS 0 short GI,4159,0
2025-03-07,03-24-16,17,5.0,2.0,6.0,29.0,26-09:03:03,70,-81.0,-106.0,-81.0,-107.0,26.0,MCS 0 shortGI,MCS 10,33.0,0-12:56:53,0-00:33:27,7.3,-91.0,-93.0,-89.0,-97.0,8.0,MCS 10,14853,MCS 0 short GI,4187,0
2025-03-07,03-24-27,17,5.0,2.0,6.0,29.0,26-09:03:12,70,-81.0,-106.0,-81.0,-107.0,26.0,MCS 0 shortGI,MCS 4 shortGI,33.0,0-12:57:02,0-00:33:35,7.3,-91.0,-95.0,-89.0,-97.0,8.0,MCS 10,14929,MCS 0 short GI,4207,0
2025-03-07,03-24-37,17,5.0,2.0,6.0,29.0,26-09:03:23,70,-81.0,-106.0,-81.0,-107.0,26.0,MCS 0 shortGI,MCS 10,33.0,0-12:57:14,0-00:33:46,7.3,-90.0,-92.0,-88.0,-97.0,9.0,MCS 10,15004,MCS 0 short GI,4233,0
2025-03-07,03-24-47,17,5.0,2.0,6.0,29.0,26-09:03:35,69,-81.0,-106.0,-81.0,-107.0,26.0,MCS 0 shortGI,MCS 10,33.0,0-12:57:23,0-00:33:58,7.3,-91.0,-94.0,-89.0,-96.0,7.0,MCS 10,15105,MCS 0 short GI,4261,0
2025-03-07,03-24-58,17,5.0,2.0,6.0,29.0,26-09:03:43,70,-81.0,-107.0,-81.0,-107.0,26.0,MCS 1 shortGI,MCS 10,33.0,0-12:57:35,0-00:34:06,7.3,-91.0,-92.0,-88.0,-96.0,8.0,MCS 10 short GI,15178,MCS 0 short GI,4285,0
2025-03-07,03-25-08,17,5.0,2.0,6.0,29.0,26-09:03:54,70,-81.0,-106.0,-81.0,-107.0,26.0,MCS 1 shortGI,MCS 10,33.0,0-12:57:44,0-00:34:18,7.3,-91.0,-92.0,-89.0,-97.0,8.0,MCS 10,15258,MCS 1 short GI,4313,0
2025-03-07,03-25-18,17,5.0,2.0,6.0,29.0,26-09:04:06,70,-81.0,-106.0,-81.0,-107.0,26.0,MCS 1 shortGI,MCS 10,33.0,0-12:57:53,0-00:34:30,7.3,-89.0,-92.0,-88.0,-97.0,9.0,MCS 10,15349,MCS 1 short GI,4337,0
2025-03-07,03-25-29,17,5.0,2.0,6.0,29.0,26-09:04:15,68,-81.0,-107.0,-81.0,-107.0,26.0,MCS 1 shortGI,MCS 10,33.0,0-12:58:05,0-00:34:38,7.3,-92.0,-94.0,-90.0,-97.0,7.0,MCS 10 short GI,15416,MCS 1 short GI,4358,0
2025-03-07,03-25-39,17,5.0,2.0,6.0,29.0,26-09:04:25,70,-81.0,-107.0,-81.0,-107.0,26.0,MCS 1 shortGI,MCS 10,33.0,0-12:58:14,0-00:34:49,7.3,-90.0,-93.0,-89.0,-97.0,8.0,MCS 10 short GI,15497,MCS 1 short GI,4386,0
2025-03-07,03-25-50,17,5.0,2.0,6.0,29.0,26-09:04:37,70,-81.0,-106.0,-81.0,-107.0,26.0,MCS 1 shortGI,MCS 10,33.0,0-12:58:26,0-00:35:00,7.3,-91.0,-92.0,-88.0,-97.0,9.0,MCS 10,15595,MCS 0 short GI,4414,0
2025-03-07,03-26-00,17,5.0,2.0,6.0,29.0,26-09:04:45,70,-81.0,-106.0,-81.0,-107.0,26.0,MCS 1 shortGI,MCS 10 shortGI,33.0,0-12:58:35,0-00:35:09,7.3,-90.0,-96.0,-89.0,-98.0,9.0,MCS 10 short GI,15668,MCS 1 short GI,4439,0
2025-03-07,03-26-10,17,5.0,2.0,6.0,29.0,26-09:04:57,70,-81.0,-108.0,-81.0,-107.0,26.0,MCS 1 shortGI,MCS 10,33.0,0-12:58:47,0-00:35:20,7.3,-91.0,-94.0,-89.0,-98.0,9.0,MCS 10 short GI,15747,MCS 1 short GI,4461,0
2025-03-07,03-26-21,17,5.0,2.0,6.0,29.0,26-09:05:04,70,-81.0,-106.0,-81.0,-107.0,26.0,MCS 1 shortGI,MCS 10,33.0,0-12:58:56,0-00:35:28,7.3,-90.0,-94.0,-88.0,-98.0,10.0,MCS 10 short GI,15800,MCS 1 short GI,4481,0
2025-03-07,03-26-31,17,5.0,2.0,6.0,29.0,26-09:05:17,69,-81.0,-107.0,-81.0,-107.0,26.0,MCS 1 shortGI,MCS 10,33.0,0-12:59:08,0-00:35:40,7.3,-91.0,-94.0,-89.0,-98.0,9.0,MCS 10,15925,MCS 1 short GI,4512,0
2025-03-07,03-26-41,17,5.0,2.0,6.0,29.0,26-09:05:28,70,-80.0,-106.0,-80.0,-107.0,27.0,MCS 1 shortGI,MCS 10,33.0,0-12:59:17,0-00:35:51,7.3,-90.0,-94.0,-89.0,-98.0,9.0,MCS 10,16011,MCS 1 short GI,4540,0
2025-03-07,03-26-52,17,5.0,2.0,6.0,29.0,26-09:05:36,70,-81.0,-107.0,-81.0,-107.0,26.0,MCS 1 shortGI,MCS 10,33.0,0-12:59:26,0-00:35:59,7.3,-92.0,-95.0,-90.0,-98.0,8.0,MCS 10,16058,MCS 1 short GI,4555,0
2025-03-07,03-27-02,17,5.0,2.0,6.0,29.0,26-09:05:48,70,-81.0,-107.0,-81.0,-107.0,26.0,MCS 1 shortGI,MCS 10,33.0,0-12:59:38,0-00:36:12,7.3,-91.0,-95.0,-90.0,-97.0,7.0,MCS 10 short GI,16176,MCS 1 short GI,4591,0
2025-03-07,03-27-12,17,5.0,2.0,6.0,29.0,26-09:06:00,70,-81.0,-107.0,-81.0,-107.0,26.0,MCS 0 shortGI,MCS 10,33.0,0-12:59:47,0-00:36:24,7.3,-91.0,-92.0,-89.0,-97.0,8.0,MCS 10,16256,MCS 0 short GI,4614,0
2025-03-07,03-27-23,17,5.0,2.0,6.0,29.0,26-09:06:07,70,-81.0,-106.0,-81.0,-107.0,26.0,MCS 0 shortGI,MCS 10 shortGI,33.0,0-12:59:59,0-00:36:31,7.3,-90.0,-92.0,-88.0,-97.0,9.0,MCS 10,16307,MCS 0 short GI,4633,0
2025-03-07,03-27-33,17,5.0,2.0,6.0,29.0,26-09:06:19,69,-81.0,-108.0,-81.0,-107.0,26.0,MCS 0 shortGI,MCS 10,33.0,0-13:00:08,0-00:36:43,7.3,-91.0,-93.0,-89.0,-98.0,9.0,MCS 10,16414,MCS 0 short GI,4665,0
2025-03-07,03-27-44,17,5.0,2.0,6.0,29.0,26-09:06:31,70,-80.0,-108.0,-80.0,-107.0,27.0,MCS 1 shortGI,MCS 10,33.0,0-13:00:20,0-00:36:54,7.3,-90.0,-92.0,-88.0,-98.0,10.0,MCS 10,16504,MCS 1 short GI,4693,0
2025-03-07,03-27-54,17,5.0,2.0,6.0,29.0,26-09:06:39,69,-81.0,-107.0,-81.0,-107.0,26.0,MCS 1 shortGI,MCS 10,33.0,0-13:00:29,0-00:37:02,7.3,-93.0,-93.0,-90.0,-98.0,8.0,MCS 10,16555,MCS 1 short GI,4711,0
2025-03-07,03-28-04,17,5.0,2.0,6.0,29.0,26-09:06:51,70,-81.0,-108.0,-81.0,-107.0,26.0,MCS 1 shortGI,MCS 10 shortGI,33.0,0-13:00:41,0-00:37:14,7.3,-90.0,-96.0,-89.0,-99.0,10.0,MCS 10,16667,MCS 1 short GI,4742,0
2025-03-07,03-28-15,17,5.0,2.0,6.0,29.0,26-09:07:02,69,-81.0,-108.0,-81.0,-107.0,26.0,MCS 1 shortGI,MCS 10,33.0,0-13:00:50,0-00:37:25,7.3,-91.0,-93.0,-89.0,-98.0,9.0,MCS 10,16752,MCS 1 short GI,4770,0
2025-03-07,03-28-25,17,5.0,2.0,6.0,29.0,26-09:07:10,70,-81.0,-108.0,-81.0,-107.0,26.0,MCS 1 shortGI,MCS 9 shortGI,33.0,0-13:00:59,0-00:37:34,7.3,-91.0,-93.0,-89.0,-99.0,10.0,MCS 10,16817,MCS 1 short GI,4793,0
2025-03-07,03-28-35,17,5.0,2.0,6.0,29.0,26-09:07:22,70,-81.0,-106.0,-81.0,-107.0,26.0,MCS 1 shortGI,MCS 10,33.0,0-13:01:11,0-00:37:45,7.3,-90.0,-92.0,-88.0,-98.0,10.0,MCS 10,16931,MCS 1 short GI,4822,0
2025-03-07,03-28-46,17,5.0,2.0,6.0,29.0,26-09:07:33,70,-81.0,-107.0,-81.0,-107.0,26.0,MCS 1 shortGI,MCS 10,33.0,0-13:01:20,0-00:37:57,7.3,-91.0,-93.0,-89.0,-98.0,9.0,MCS 10,17016,MCS 1 short GI,4846,0
2025-03-07,03-28-56,17,5.0,2.0,6.0,29.0,26-09:07:41,69,-80.0,-107.0,-80.0,-107.0,27.0,MCS 1,MCS 10 shortGI,33.0,0-13:01:32,0-00:38:04,7.3,-92.0,-97.0,-91.0,-98.0,7.0,MCS 10 short GI,17072,MCS 1 short GI,4868,0
2025-03-07,03-29-06,17,5.0,2.0,6.0,29.0,26-09:07:52,70,-81.0,-109.0,-81.0,-107.0,26.0,MCS 1 shortGI,MCS 10 shortGI,33.0,0-13:01:41,0-00:38:16,7.3,-90.0,-92.0,-88.0,-97.0,9.0,MCS 10 short GI,17163,MCS 1 short GI,4897,0
2025-03-07,03-29-17,17,5.0,2.0,6.0,29.0,26-09:08:04,70,-81.0,-107.0,-81.0,-107.0,26.0,MCS 1 shortGI,MCS 10 shortGI,33.0,0-13:01:53,0-00:38:27,7.3,-91.0,-93.0,-89.0,-97.0,8.0,MCS 10 short GI,17258,MCS 1 short GI,4925,0
2025-03-07,03-29-27,17,5.0,2.0,6.0,29.0,26-09:08:12,70,-81.0,-106.0,-81.0,-107.0,26.0,MCS 1 shortGI,MCS 10,33.0,0-13:02:02,0-00:38:36,7.3,-90.0,-93.0,-88.0,-97.0,9.0,MCS 10,17312,MCS 1 short GI,4944,0
2025-03-07,03-29-37,17,5.0,2.0,6.0,29.0,26-09:08:24,70,-81.0,-106.0,-81.0,-107.0,26.0,MCS 1 shortGI,MCS 10 shortGI,33.0,0-13:02:14,0-00:38:47,7.3,-92.0,-92.0,-89.0,-97.0,8.0,MCS 10,17413,MCS 1 short GI,4971,0
2025-03-07,03-29-48,17,5.0,2.0,6.0,29.0,26-09:08:35,69,-82.0,-106.0,-82.0,-107.0,25.0,MCS 1 shortGI,MCS 10,33.0,0-13:02:23,0-00:38:59,7.3,-92.0,-94.0,-90.0,-97.0,7.0,MCS 10,17502,MCS 1 short GI,5001,0
2025-03-07,03-29-58,17,5.0,2.0,6.0,29.0,26-09:08:43,70,-81.0,-106.0,-81.0,-107.0,26.0,MCS 1 shortGI,MCS 10,33.0,0-13:02:35,0-00:39:07,7.3,-91.0,-93.0,-89.0,-97.0,8.0,MCS 10,17564,MCS 1 short GI,5026,0
2025-03-07,03-30-09,17,5.0,2.0,6.0,29.0,26-09:08:55,70,-81.0,-103.0,-81.0,-107.0,26.0,MCS 1 shortGI,MCS 10,33.0,0-13:02:44,0-00:39:19,7.3,-92.0,-93.0,-89.0,-97.0,8.0,MCS 10,17673,MCS 1 short GI,5055,0
2025-03-07,03-30-19,17,5.0,2.0,6.0,29.0,26-09:09:07,70,-81.0,-108.0,-81.0,-107.0,26.0,MCS 1 shortGI,MCS 10,33.0,0-13:02:53,0-00:39:30,7.3,-91.0,-94.0,-89.0,-97.0,8.0,MCS 10,17764,MCS 1 short GI,5083,0
2025-03-07,03-30-29,17,5.0,2.0,6.0,29.0,26-09:09:15,70,-80.0,-105.0,-80.0,-107.0,27.0,MCS 1 shortGI,MCS 10,33.0,0-13:03:05,0-00:39:39,7.3,-91.0,-96.0,-90.0,-97.0,7.0,MCS 10,17816,MCS 1 short GI,5102,0
2025-03-07,03-30-40,17,5.0,2.0,6.0,29.0,26-09:09:27,70,-80.0,-109.0,-80.0,-107.0,27.0,MCS 0 shortGI,MCS 10,33.0,0-13:03:14,0-00:39:51,7.3,-91.0,-93.0,-89.0,-97.0,8.0,MCS 10,17936,MCS 0 short GI,5129,0
2025-03-07,03-30-50,17,5.0,2.0,6.0,29.0,26-09:09:34,70,-81.0,-106.0,-81.0,-107.0,26.0,MCS 0 shortGI,MCS 10,33.0,0-13:03:27,0-00:39:58,7.3,-91.0,-96.0,-89.0,-96.0,7.0,MCS 10,17994,MCS 0 short GI,5148,0
2025-03-07,03-31-00,17,5.0,2.0,6.0,29.0,26-09:09:46,70,-81.0,-105.0,-81.0,-107.0,26.0,MCS 0 shortGI,MCS 10 shortGI,33.0,0-13:03:35,0-00:40:10,7.3,-90.0,-90.0,-87.0,-96.0,9.0,MCS 10 short GI,18078,MCS 0 short GI,5179,0
2025-03-07,03-31-11,17,5.0,2.0,6.0,29.0,26-09:09:59,70,-81.0,-106.0,-81.0,-107.0,26.0,MCS 0 shortGI,MCS 10 shortGI,33.0,0-13:03:48,0-00:40:22,7.3,-90.0,-93.0,-88.0,-96.0,8.0,MCS 10 short GI,18192,MCS 0 short GI,5213,0
2025-03-07,03-31-21,17,5.0,2.0,6.0,29.0,26-09:10:07,70,-80.0,-105.0,-80.0,-107.0,27.0,MCS 0 shortGI,MCS 10 shortGI,33.0,0-13:03:57,0-00:40:30,7.3,-92.0,-95.0,-90.0,-97.0,7.0,MCS 10 short GI,18256,MCS 0 short GI,5234,0
2025-03-07,03-31-32,17,5.0,2.0,6.0,29.0,26-09:10:19,70,-81.0,-108.0,-81.0,-107.0,26.0,MCS 0 shortGI,MCS 10 shortGI,33.0,0-13:04:08,0-00:40:42,7.3,-92.0,-93.0,-89.0,-97.0,8.0,MCS 10 short GI,18337,MCS 0 short GI,5265,0
2025-03-07,03-31-42,17,5.0,2.0,6.0,29.0,26-09:10:30,70,-81.0,-105.0,-81.0,-107.0,26.0,MCS 1 shortGI,MCS 10,33.0,0-13:04:17,0-00:40:54,7.3,-91.0,-92.0,-89.0,-98.0,9.0,MCS 10 short GI,18439,MCS 1 short GI,5289,0
2025-03-07,03-31-52,17,5.0,2.0,6.0,29.0,26-09:10:37,70,-81.0,-105.0,-81.0,-107.0,26.0,MCS 1 shortGI,MCS 10,33.0,0-13:04:29,0-00:41:01,7.3,-91.0,-94.0,-89.0,-98.0,9.0,MCS 10,18495,MCS 1 short GI,5308,0
2025-03-07,03-32-03,17,5.0,2.0,6.0,29.0,26-09:10:50,69,-81.0,-107.0,-81.0,-107.0,26.0,MCS 1 shortGI,MCS 10,33.0,0-13:04:38,0-00:41:13,7.3,-92.0,-95.0,-90.0,-98.0,8.0,MCS 10,18579,MCS 1 short GI,5340,0
2025-03-07,03-32-13,17,5.0,2.0,6.0,29.0,26-09:11:01,70,-81.0,-108.0,-81.0,-107.0,26.0,MCS 1 shortGI,MCS 10,33.0,0-13:04:48,0-00:41:25,7.3,-91.0,-94.0,-90.0,-98.0,8.0,MCS 10,18688,MCS 1 short GI,5368,0
2025-03-07,03-32-23,17,5.0,2.0,6.0,29.0,26-09:11:09,69,-81.0,-106.0,-81.0,-107.0,26.0,MCS 1 shortGI,MCS 10 shortGI,33.0,0-13:04:59,0-00:41:33,7.3,-92.0,-92.0,-89.0,-97.0,8.0,MCS 10,18747,MCS 1 short GI,5383,0
2025-03-07,03-32-34,17,5.0,2.0,6.0,29.0,26-09:11:21,69,-80.0,-106.0,-80.0,-107.0,27.0,MCS 1 shortGI,MCS 10,33.0,0-13:05:08,0-00:41:45,7.3,-89.0,-94.0,-88.0,-98.0,10.0,MCS 10,18833,MCS 1 short GI,5414,0
2025-03-07,03-32-44,17,5.0,2.0,6.0,29.0,26-09:11:32,70,-81.0,-108.0,-81.0,-107.0,26.0,MCS 1 shortGI,MCS 10 shortGI,33.0,0-13:05:20,0-00:41:55,7.3,-92.0,-92.0,-89.0,-98.0,9.0,MCS 10 short GI,18945,MCS 1 short GI,5441,0
2025-03-07,03-32-54,17,5.0,2.0,6.0,29.0,26-09:11:40,70,-80.0,-110.0,-80.0,-107.0,27.0,MCS 1 shortGI,MCS 10,33.0,0-13:05:29,0-00:42:04,7.3,-90.0,-92.0,-88.0,-98.0,10.0,MCS 10,19007,MCS 1 short GI,5461,0
2025-03-07,03-33-05,17,5.0,2.0,6.0,29.0,26-09:11:52,70,-81.0,-108.0,-81.0,-107.0,26.0,MCS 1 shortGI,MCS 10,33.0,0-13:05:41,0-00:42:16,7.3,-90.0,-93.0,-89.0,-98.0,9.0,MCS 10,19095,MCS 1 short GI,5494,0
2025-03-07,03-33-15,17,5.0,2.0,6.0,29.0,26-09:12:00,69,-80.0,-105.0,-80.0,-107.0,27.0,MCS 1 shortGI,MCS 10,33.0,0-13:05:50,0-00:42:27,7.3,-91.0,-91.0,-88.0,-97.0,9.0,MCS 10,19187,MCS 1 short GI,5518,0
2025-03-07,03-33-26,17,5.0,2.0,6.0,29.0,26-09:12:11,69,-81.0,-106.0,-81.0,-107.0,26.0,MCS 0 shortGI,MCS 10,33.0,0-13:06:00,0-00:42:35,7.3,-90.0,-92.0,-88.0,-97.0,9.0,MCS 10,19254,MCS 0 short GI,5539,0
2025-03-07,03-33-36,17,5.0,2.0,6.0,29.0,26-09:12:23,70,-80.0,-107.0,-80.0,-107.0,27.0,MCS 0,MCS 10 shortGI,33.0,0-13:06:12,0-00:42:46,7.3,-90.0,-96.0,-89.0,-97.0,8.0,MCS 10,19340,MCS 0 short GI,5568,0
2025-03-07,03-33-46,17,5.0,2.0,6.0,29.0,26-09:12:31,70,-81.0,-108.0,-81.0,-107.0,26.0,MCS 0 shortGI,MCS 10 shortGI,33.0,0-13:06:23,0-00:42:55,7.3,-91.0,-94.0,-89.0,-97.0,8.0,MCS 10,19398,MCS 0 short GI,5588,0
2025-03-07,03-33-57,17,5.0,2.0,6.0,29.0,26-09:12:43,70,-81.0,-107.0,-81.0,-107.0,26.0,MCS 0 shortGI,MCS 10,33.0,0-13:06:33,0-00:43:07,7.3,-90.0,-93.0,-89.0,-98.0,9.0,MCS 10,19506,MCS 0 short GI,5619,0
2025-03-07,03-34-07,17,5.0,2.0,6.0,29.0,26-09:12:55,70,-81.0,-105.0,-81.0,-107.0,26.0,MCS 0 shortGI,MCS 10,33.0,0-13:06:41,0-00:43:18,7.3,-91.0,-94.0,-89.0,-98.0,9.0,MCS 10 short GI,19595,MCS 0 short GI,5645,0
2025-03-07,03-34-17,17,5.0,2.0,6.0,29.0,26-09:13:06,70,-82.0,-108.0,-82.0,-107.0,25.0,MCS 0 shortGI,MCS 10,33.0,0-13:06:53,0-00:43:30,7.3,-91.0,-95.0,-90.0,-99.0,9.0,MCS 10,19675,MCS 0 short GI,5670,0
2025-03-07,03-34-28,17,5.0,2.0,6.0,29.0,26-09:13:14,69,-81.0,-107.0,-81.0,-107.0,26.0,MCS 0 shortGI,MCS 10,33.0,0-13:07:03,0-00:43:38,7.3,-90.0,-95.0,-89.0,-100.0,11.0,MCS 10,19750,MCS 0 short GI,5692,0
2025-03-07,03-34-38,17,5.0,2.0,6.0,29.0,26-09:13:26,70,-81.0,-108.0,-81.0,-107.0,26.0,MCS 1 shortGI,MCS 10,33.0,0-13:07:14,0-00:43:49,7.3,-91.0,-93.0,-89.0,-100.0,11.0,MCS 10,19849,MCS 1 short GI,5722,0
2025-03-07,03-34-48,17,5.0,2.0,6.0,29.0,26-09:13:34,70,-82.0,-110.0,-82.0,-107.0,25.0,MCS 1 shortGI,MCS 10,33.0,0-13:07:23,0-00:43:57,7.3,-90.0,-93.0,-88.0,-99.0,11.0,MCS 10,19916,MCS 1 short GI,5743,0
2025-03-07,03-34-59,17,5.0,2.0,6.0,29.0,26-09:13:46,70,-82.0,-109.0,-82.0,-107.0,25.0,MCS 1,MCS 10,33.0,0-13:07:36,0-00:44:09,7.3,-90.0,-94.0,-88.0,-99.0,11.0,MCS 10,20014,MCS 1 short GI,5769,0
2025-03-07,03-35-09,17,5.0,2.0,6.0,29.0,26-09:13:57,69,-81.0,-106.0,-81.0,-107.0,26.0,MCS 1,MCS 10,33.0,0-13:07:44,0-00:44:21,7.3,-91.0,-94.0,-89.0,-98.0,9.0,MCS 10 short GI,20109,MCS 1,5797,0
2025-03-07,03-35-19,17,5.0,2.0,6.0,29.0,26-09:14:04,69,-82.0,-106.0,-82.0,-107.0,25.0,MCS 1 shortGI,MCS 10,33.0,0-13:07:54,0-00:44:28,7.3,-90.0,-94.0,-88.0,-98.0,10.0,MCS 10,20153,MCS 1 short GI,5817,0
2025-03-07,03-35-30,17,5.0,2.0,6.0,29.0,26-09:14:16,70,-82.0,-107.0,-82.0,-107.0,25.0,MCS 1 shortGI,MCS 10,33.0,0-13:08:05,0-00:44:40,7.3,-88.0,-93.0,-87.0,-97.0,10.0,MCS 10,20256,MCS 1 short GI,5846,0
2025-03-07,03-35-40,17,5.0,2.0,6.0,29.0,26-09:14:28,70,-81.0,-106.0,-81.0,-107.0,26.0,MCS 1,MCS 10,33.0,0-13:08:14,0-00:44:51,7.3,-90.0,-93.0,-88.0,-97.0,9.0,MCS 10,20356,MCS 1,5875,0
2025-03-07,03-35-51,17,5.0,2.0,6.0,29.0,26-09:14:35,69,-81.0,-108.0,-81.0,-107.0,26.0,MCS 1 shortGI,MCS 10,33.0,0-13:08:27,0-00:44:59,7.3,-91.0,-94.0,-89.0,-97.0,8.0,MCS 10,20395,MCS 1,5890,0
2025-03-07,03-36-01,17,5.0,2.0,6.0,29.0,26-09:14:48,69,-80.0,-107.0,-80.0,-107.0,27.0,MCS 1 shortGI,MCS 10,33.0,0-13:08:35,0-00:45:11,7.3,-90.0,-93.0,-88.0,-97.0,9.0,MCS 10,20499,MCS 1 short GI,5922,0
2025-03-07,03-36-11,17,5.0,2.0,6.0,29.0,26-09:14:59,70,-81.0,-109.0,-81.0,-107.0,26.0,MCS 0 shortGI,MCS 10,33.0,0-13:08:48,0-00:45:22,7.3,-90.0,-93.0,-88.0,-97.0,9.0,MCS 10,20600,MCS 0 short GI,5950,0
2025-03-07,03-36-22,17,5.0,2.0,6.0,29.0,26-09:15:07,70,-81.0,-106.0,-81.0,-107.0,26.0,MCS 0 shortGI,MCS 10 shortGI,33.0,0-13:08:57,0-00:45:31,7.3,-91.0,-94.0,-90.0,-96.0,6.0,MCS 9 short GI,20652,MCS 0 short GI,5970,0
2025-03-07,03-36-32,17,5.0,2.0,6.0,29.0,26-09:15:19,70,-81.0,-106.0,-81.0,-107.0,26.0,MCS 0 shortGI,MCS 10 shortGI,33.0,0-13:09:09,0-00:45:43,7.3,-91.0,-93.0,-89.0,-96.0,7.0,MCS 10 short GI,20757,MCS 0 short GI,6001,0
2025-03-07,03-36-42,17,5.0,2.0,6.0,29.0,26-09:15:31,70,-81.0,-108.0,-81.0,-107.0,26.0,MCS 0 shortGI,MCS 10 shortGI,33.0,0-13:09:18,0-00:45:54,7.3,-92.0,-91.0,-88.0,-96.0,8.0,MCS 10 short GI,20853,MCS 0 short GI,6025,0
2025-03-07,03-36-53,17,5.0,2.0,6.0,29.0,26-09:15:38,70,-81.0,-110.0,-81.0,-107.0,26.0,MCS 0 shortGI,MCS 10 shortGI,33.0,0-13:09:29,0-00:46:01,7.3,-90.0,-94.0,-89.0,-96.0,7.0,MCS 10 short GI,20898,MCS 0 short GI,6044,0
2025-03-07,03-37-03,17,5.0,2.0,6.0,29.0,26-09:15:50,70,-81.0,-106.0,-81.0,-107.0,26.0,MCS 0 shortGI,MCS 10,33.0,0-13:09:39,0-00:46:14,7.3,-93.0,-95.0,-91.0,-96.0,5.0,MCS 10,21002,MCS 0 short GI,6076,0
2025-03-07,03-37-14,17,5.0,2.0,6.0,29.0,26-09:16:02,70,-81.0,-107.0,-81.0,-107.0,26.0,MCS 0 shortGI,MCS 10,33.0,0-13:09:51,0-00:46:25,7.3,-90.0,-91.0,-88.0,-96.0,8.0,MCS 10,21096,MCS 0 short GI,6104,0
2025-03-07,03-37-24,17,5.0,2.0,6.0,29.0,26-09:16:10,70,-81.0,-108.0,-81.0,-107.0,26.0,MCS 0 shortGI,MCS 10,33.0,0-13:09:59,0-00:46:34,7.3,-90.0,-92.0,-88.0,-96.0,8.0,MCS 10,21148,MCS 0 short GI,6124,0
2025-03-07,03-37-34,17,5.0,2.0,6.0,29.0,26-09:16:22,70,-81.0,-104.0,-81.0,-107.0,26.0,MCS 0 shortGI,MCS 10,33.0,0-13:10:09,0-00:46:45,7.3,-89.0,-92.0,-87.0,-96.0,9.0,MCS 10,21256,MCS 0 short GI,6157,0
2025-03-07,03-37-45,17,5.0,2.0,6.0,29.0,26-09:16:29,70,-81.0,-105.0,-81.0,-107.0,26.0,MCS 0 shortGI,MCS 9,33.0,0-13:10:20,0-00:46:52,7.3,-89.0,-90.0,-87.0,-95.0,8.0,MCS 9 short GI,21314,MCS 0 short GI,6173,0
2025-03-07,03-37-55,17,5.0,2.0,6.0,29.0,26-09:16:41,70,-81.0,-107.0,-81.0,-107.0,26.0,MCS 0 shortGI,MCS 10 shortGI,33.0,0-13:10:30,0-00:47:05,7.3,-91.0,-92.0,-88.0,-96.0,8.0,MCS 10 short GI,21398,MCS 0 short GI,6204,0
2025-03-07,03-38-05,17,5.0,2.0,6.0,29.0,26-09:16:53,70,-81.0,-105.0,-81.0,-107.0,26.0,MCS 0 shortGI,MCS 10 shortGI,33.0,0-13:10:42,0-00:47:16,7.3,-90.0,-93.0,-88.0,-96.0,8.0,MCS 10 short GI,21495,MCS 0,6234,0
2025-03-07,03-38-16,17,5.0,2.0,6.0,29.0,26-09:17:01,70,-81.0,-108.0,-81.0,-107.0,26.0,MCS 1 shortGI,MCS 10 shortGI,33.0,0-13:10:50,0-00:47:24,7.3,-91.0,-93.0,-89.0,-97.0,8.0,MCS 10 short GI,21560,MCS 0 short GI,6250,0
2025-03-07,03-38-26,17,5.0,2.0,6.0,29.0,26-09:17:13,70,-81.0,-106.0,-81.0,-107.0,26.0,MCS 1,MCS 10,33.0,0-13:11:03,0-00:47:36,7.3,-91.0,-94.0,-90.0,-97.0,7.0,MCS 10,21647,MCS 1,6280,0
2025-03-07,03-38-36,17,5.0,2.0,6.0,29.0,26-09:17:24,69,-81.0,-107.0,-81.0,-107.0,26.0,MCS 1,MCS 10,33.0,0-13:11:12,0-00:47:48,7.3,-90.0,-92.0,-88.0,-97.0,9.0,MCS 10,21748,MCS 1,6307,0
2025-03-07,03-38-47,17,5.0,2.0,6.0,29.0,26-09:17:35,70,-81.0,-108.0,-81.0,-107.0,26.0,MCS 0,MCS 9 shortGI,33.0,0-13:11:24,0-00:47:59,7.3,-89.0,-92.0,-87.0,-97.0,10.0,MCS 10,21834,MCS 0,6334,0
2025-03-07,03-38-57,17,5.0,2.0,6.0,29.0,26-09:17:43,70,-81.0,-107.0,-81.0,-107.0,26.0,MCS 1 shortGI,MCS 10,33.0,0-13:11:33,0-00:48:07,7.3,-90.0,-94.0,-89.0,-97.0,8.0,MCS 10,21909,MCS 0,6358,0
2025-03-07,03-39-08,17,5.0,2.0,6.0,29.0,26-09:17:55,70,-81.0,-109.0,-81.0,-107.0,26.0,MCS 1 shortGI,MCS 10,33.0,0-13:11:45,0-00:48:19,7.3,-90.0,-93.0,-88.0,-97.0,9.0,MCS 10,22017,MCS 0,6388,0
2025-03-07,03-39-18,17,5.0,2.0,6.0,29.0,26-09:18:03,70,-81.0,-105.0,-81.0,-107.0,26.0,MCS 1 shortGI,MCS 10,33.0,0-13:11:54,0-00:48:27,7.3,-90.0,-92.0,-88.0,-97.0,9.0,MCS 10,22068,MCS 1 short GI,6403,0
2025-03-07,03-39-28,17,5.0,2.0,6.0,29.0,26-09:18:16,70,-81.0,-107.0,-81.0,-107.0,26.0,MCS 0 shortGI,MCS 10,33.0,0-13:12:03,0-00:48:39,7.3,-91.0,-93.0,-89.0,-97.0,8.0,MCS 10,22153,MCS 0,6431,0
2025-03-07,03-39-39,17,5.0,2.0,6.0,29.0,26-09:18:27,70,-81.0,-107.0,-81.0,-107.0,26.0,MCS 0 shortGI,MCS 10,33.0,0-13:12:15,0-00:48:51,7.3,-91.0,-93.0,-89.0,-97.0,8.0,MCS 10,22258,MCS 0 short GI,6462,0
2025-03-07,03-39-49,17,5.0,2.0,6.0,29.0,26-09:18:35,70,-80.0,-106.0,-80.0,-107.0,27.0,MCS 0 shortGI,MCS 10,33.0,0-13:12:24,0-00:48:58,7.3,-90.0,-94.0,-88.0,-97.0,9.0,MCS 10,22317,MCS 0 short GI,6481,0
2025-03-07,03-39-59,17,5.0,2.0,6.0,28.0,26-09:18:47,70,-81.0,-105.0,-81.0,-107.0,26.0,MCS 0 shortGI,MCS 10,33.0,0-13:12:36,0-00:49:10,7.3,-91.0,-93.0,-89.0,-97.0,8.0,MCS 10,22404,MCS 0 short GI,6511,0
2025-03-07,03-40-10,17,5.0,2.0,6.0,28.0,26-09:18:58,70,-81.0,-107.0,-81.0,-107.0,26.0,MCS 0 shortGI,MCS 10,33.0,0-13:12:45,0-00:49:22,7.3,-90.0,-93.0,-88.0,-97.0,9.0,MCS 10,22500,MCS 0,6542,0
2025-03-07,03-40-20,17,5.0,2.0,6.0,29.0,26-09:19:06,69,-81.0,-109.0,-81.0,-107.0,26.0,MCS 0 shortGI,MCS 10,33.0,0-13:12:57,0-00:49:29,7.3,-91.0,-94.0,-89.0,-97.0,8.0,MCS 10,22558,MCS 0 short GI,6556,0
2025-03-07,03-40-31,17,5.0,2.0,6.0,29.0,26-09:19:18,69,-81.0,-107.0,-81.0,-107.0,26.0,MCS 0 shortGI,MCS 10,33.0,0-13:13:06,0-00:49:42,7.3,-91.0,-92.0,-88.0,-96.0,8.0,MCS 10,22649,MCS 0 short GI,6586,0
2025-03-07,03-40-41,17,5.0,2.0,6.0,29.0,26-09:19:26,70,-81.0,-106.0,-81.0,-107.0,26.0,MCS 0 shortGI,MCS 10,33.0,0-13:13:18,0-00:49:49,7.3,-90.0,-94.0,-89.0,-97.0,8.0,MCS 10,22722,MCS 0 short GI,6608,0
2025-03-07,03-40-51,17,5.0,2.0,6.0,29.0,26-09:19:37,70,-80.0,-107.0,-80.0,-107.0,27.0,MCS 0 shortGI,MCS 10,33.0,0-13:13:27,0-00:50:01,7.3,-91.0,-94.0,-89.0,-97.0,8.0,MCS 9 short GI,22815,MCS 0 short GI,6636,0
2025-03-07,03-41-02,17,5.0,2.0,6.0,29.0,26-09:19:49,70,-80.0,-107.0,-80.0,-107.0,27.0,MCS 0 shortGI,MCS 10,33.0,0-13:13:39,0-00:50:13,7.3,-91.0,-93.0,-89.0,-97.0,8.0,MCS 10,22915,MCS 0 short GI,6666,0
2025-03-07,03-41-12,17,5.0,2.0,6.0,29.0,26-09:19:57,69,-80.0,-107.0,-80.0,-107.0,27.0,MCS 0 shortGI,MCS 10,33.0,0-13:13:48,0-00:50:21,7.3,-90.0,-93.0,-89.0,-97.0,8.0,MCS 10,22980,MCS 0 short GI,6682,0
2025-03-07,03-41-23,17,5.0,2.0,6.0,29.0,26-09:20:08,70,-81.0,-106.0,-81.0,-107.0,26.0,MCS 0 shortGI,MCS 10,33.0,0-13:14:00,0-00:50:32,7.3,-90.0,-93.0,-88.0,-98.0,10.0,MCS 10,23070,MCS 0 short GI,6709,0
2025-03-07,03-41-33,17,5.0,2.0,6.0,29.0,26-09:20:21,70,-81.0,-107.0,-81.0,-107.0,26.0,MCS 0,MCS 10,33.0,0-13:14:09,0-00:50:44,7.3,-90.0,-91.0,-88.0,-97.0,9.0,MCS 10,23167,MCS 0,6741,0
2025-03-07,03-41-43,17,5.0,2.0,6.0,29.0,26-09:20:28,70,-81.0,-105.0,-81.0,-107.0,26.0,MCS 1 shortGI,MCS 10,33.0,0-13:14:18,0-00:50:55,7.3,-90.0,-93.0,-88.0,-98.0,10.0,MCS 10,23252,MCS 1 short GI,6769,0
2025-03-07,03-41-54,17,5.0,2.0,6.0,29.0,26-09:20:40,70,-81.0,-107.0,-81.0,-107.0,26.0,MCS 1 shortGI,MCS 10,33.0,0-13:14:30,0-00:51:04,7.3,-91.0,-93.0,-89.0,-98.0,9.0,MCS 10 short GI,23315,MCS 1 short GI,6784,0
2025-03-07,03-42-04,17,5.0,2.0,6.0,29.0,26-09:20:52,70,-80.0,-107.0,-80.0,-107.0,27.0,MCS 1 shortGI,MCS 10 shortGI,33.0,0-13:14:39,0-00:51:15,7.3,-91.0,-92.0,-89.0,-98.0,9.0,MCS 10 short GI,23415,MCS 1 short GI,6818,0
2025-03-07,03-42-14,17,5.0,2.0,6.0,29.0,26-09:20:59,69,-81.0,-105.0,-81.0,-107.0,26.0,MCS 1 shortGI,MCS 10 shortGI,33.0,0-13:14:51,0-00:51:23,7.3,-91.0,-95.0,-89.0,-98.0,9.0,MCS 10 short GI,23470,MCS 1 short GI,6837,0
